"CODE_TYPE_ID","CODE_ID","CODE_NM","USE_YN","NUM","LVL","REG_DT","MOD_ID","MOD_DT"
"SCREENSTATE","000","기본상태","1",1,"1",19/10/07,"admin",19/10/07
"QNA_SEARCH","10","제목","1",1,"1",19/10/12,"admin",19/10/12
"QNA_SEARCH","20","내용","1",1,"1",19/10/12,"admin",19/10/12
"NOTICE_SEARCH","10","제목","1",1,"1",19/10/07,"admin",19/10/07
"NOTICE_SEARCH","20","내용","1",1,"1",19/10/07,"admin",19/10/07
"NOTICE_SEARCH","30","등록자","1",1,"1",19/10/07,"admin",19/10/07
"SCREENSTATE","010","상영중","1",2,"2",19/10/07,"admin",19/10/07
"SCREENSTATE","020","상영예정","1",3,"3",19/10/07,"admin",19/10/07
"CATEGORY","1","팝콘","1",1,"1",19/10/07,"admin",19/10/07
"CATEGORY","2","음료","1",2,"2",19/10/07,"admin",19/10/07
"CATEGORY","3","영화예매권","1",3,"3",19/10/07,"admin",19/10/07
"MOVIE_SEARCH","10","영화제목","1",1,"1",19/10/12,"admin",19/10/12
"MOVIE_SEARCH","20","영화감독","1",1,"1",19/10/12,"admin",19/10/12
"PAGE_SIZE","10","10","1",1,"1",19/10/12,"admin",19/10/12
"PAGE_SIZE","50","50","1",1,"1",19/10/12,"admin",19/10/12
"PAGE_SIZE","100","100","1",1,"1",19/10/12,"admin",19/10/12
