"FILE_ID","NUM","ORG_FILE_NM","DIVISION","SAVE_FILE_NM","F_SIZE","EXT","REG_ID","REG_DT"
"j01_124",1,"J01_원본파일_124.txt","notice_ATTR","J01_저장파일_124.txt",10000,"txt","admin",19/10/23
"j01_124",2,"J02_원본파일_124.txt","notice_ATTR","J02_저장파일_124.txt",20000,"txt","admin",19/10/23
"j01_124",3,"J03_원본파일_124.txt","notice_ATTR","J03_저장파일_124.txt",30000,"txt","admin",19/10/23
"j01_124",4,"J04_원본파일_124.txt","notice_ATTR","J04_저장파일_124.txt",40000,"txt","admin",19/10/23
"j01_124",5,"J05_원본파일_124.txt","notice_ATTR","J05_저장파일_124.txt",50000,"txt","admin",19/10/23
"20191024be63636735994cd09fcfddaf72f79250",1,"새 텍스트 문서.txt","","C:\Users\sist\git\SUNNYSIDE3\SUNNYSIDE3\src\main\webapp\resources\image\2019\10\새 텍스트 문서2.txt",134,"txt","",19/10/24
"2019102478fe479fc57542d3b0c070c672edb9d6",1,"새 텍스트 문서.txt","","C:\Users\sist\git\SUNNYSIDE3\SUNNYSIDE3\src\main\webapp\resources\image\2019\10\새 텍스트 문서19.txt",134,"txt","",19/10/24
"201910249cc0d6ca635e444988d5f87f48d85dfb",1,"새텍스트문서.txt","","C:\Users\sist\git\SUNNYSIDE3\SUNNYSIDE3\src\main\webapp\resources\image\2019\10\새텍스트문서.txt",134,"txt","",19/10/24
"201910243d6fbb1c7ee14566b70ba20726420d64",1,"새텍스트문서.txt","","C:\Users\sist\git\SUNNYSIDE3\SUNNYSIDE3\src\main\webapp\resources\image\2019\10\새텍스트문서1.txt",134,"txt","",19/10/24
"20191024daaa547baefd4951b3d5dce6bf00fca0",1,"새텍스트문서.txt","","C:\Users\sist\git\SUNNYSIDE3\SUNNYSIDE3\src\main\webapp\resources\image\2019\10\새텍스트문서2.txt",134,"txt","",19/10/24
"20191024dbc2715f01934a19b1da0d97d0185e95",1,"새텍스트문서.txt","","C:\Users\sist\git\SUNNYSIDE3\SUNNYSIDE3\src\main\webapp\resources\image\2019\10\새텍스트문서3.txt",134,"txt","",19/10/24
"20191024dbc2715f01934a19b1da0d97d0185e95",2,"새텍스트문서.txt","","C:\Users\sist\git\SUNNYSIDE3\SUNNYSIDE3\src\main\webapp\resources\image\2019\10\새텍스트문서4.txt",134,"txt","",19/10/24
"20191024c4a442df8f494f5ebd35548ee7cfeaeb",1,"새텍스트문서.txt","","C:\Users\sist\git\SUNNYSIDE3\SUNNYSIDE3\src\main\webapp\resources\image\2019\10\새텍스트문서5.txt",134,"txt","",19/10/24
"20191024bed29555c15545e6a8d8b80fbd0b6848",1,"새텍스트문서.txt","","C:\Users\sist\git\SUNNYSIDE3\SUNNYSIDE3\src\main\webapp\resources\image\2019\10\새텍스트문서6.txt",134,"txt","",19/10/24
"20191024f0edcb39829a43e7854792faff79fec9",1,"새 텍스트 문서.txt","","C:\Users\sist\git\SUNNYSIDE3\SUNNYSIDE3\src\main\webapp\resources\image\2019\10\새 텍스트 문서.txt",134,"txt","",19/10/24
"20191024b9ecbb891aae434092e53ca4c0524123",1,"새 텍스트 문서.txt","","C:\Users\sist\git\SUNNYSIDE3\SUNNYSIDE3\src\main\webapp\resources\image\2019\10\새 텍스트 문서1.txt",134,"txt","",19/10/24
"20191024e0a27258696f4226a87b535551e6ff4a",1,"새텍스트문서.txt","","C:\Users\sist\git\SUNNYSIDE3\SUNNYSIDE3\src\main\webapp\resources\image\2019\10\새텍스트문서9.txt",134,"txt","",19/10/24
"20191024fde403ccaf9c40b396aa8705b629fc9c",1,"새텍스트문서.txt","","C:\Users\sist\git\SUNNYSIDE3\SUNNYSIDE3\src\main\webapp\resources\image\2019\10\새텍스트문서10.txt",134,"txt","",19/10/24
"2019102454513af62b9743a8a328535b08f2e96a",1,"새텍스트문서.txt","","C:\Users\sist\git\SUNNYSIDE3\SUNNYSIDE3\src\main\webapp\resources\image\2019\10\새텍스트문서11.txt",134,"txt","",19/10/24
"20191024321d0d884a244512b1a2ad0ef6938d3b",1,"새텍스트문서.txt","","C:\Users\sist\git\SUNNYSIDE3\SUNNYSIDE3\src\main\webapp\resources\image\2019\10\새텍스트문서12.txt",134,"txt","",19/10/24
"201910242685fc8edfaf4ff9ba338adb3f886cf9",1,"새텍스트문서.txt","","C:\Users\sist\git\SUNNYSIDE3\SUNNYSIDE3\src\main\webapp\resources\image\2019\10\새텍스트문서13.txt",134,"txt","",19/10/24
"20191024bc0ce43de8c94a038415d8434526bfa1",1,"새텍스트문서.txt","","C:\Users\sist\git\SUNNYSIDE3\SUNNYSIDE3\src\main\webapp\resources\image\2019\10\새텍스트문서14.txt",134,"txt","",19/10/24
"20191024caedd216f2cc4cfc8cc498839d82896d",1,"새텍스트문서.txt","","C:\Users\sist\git\SUNNYSIDE3\SUNNYSIDE3\src\main\webapp\resources\image\2019\10\새텍스트문서15.txt",134,"txt","",19/10/24
"2019102421ad5a70704f46fe9410737a5c8ff594",1,"새텍스트문서.txt","","C:\Users\sist\git\SUNNYSIDE3\SUNNYSIDE3\src\main\webapp\resources\image\2019\10\새텍스트문서16.txt",134,"txt","",19/10/24
"20191024bdcf458aa804479caf70bf553e564bb7",1,"새텍스트문서.txt","","C:\Users\sist\git\SUNNYSIDE3\SUNNYSIDE3\src\main\webapp\resources\image\2019\10\새텍스트문서17.txt",134,"txt","",19/10/24
"201910248f1280417e014b9f8e6b972741bf9b86",1,"새텍스트문서.txt","","C:\Users\sist\git\SUNNYSIDE3\SUNNYSIDE3\src\main\webapp\resources\image\2019\10\새텍스트문서18.txt",134,"txt","",19/10/24
"20191024465e2b5da5b448869e1c764ae9229c58",1,"새텍스트문서.txt","","C:\Users\sist\git\SUNNYSIDE3\SUNNYSIDE3\src\main\webapp\resources\image\2019\10\새텍스트문서19.txt",134,"txt","",19/10/24
"201910247d692d89cb634efd9b2f5ab1f5f62f73",1,"새텍스트문서.txt","","C:\Users\sist\git\SUNNYSIDE3\SUNNYSIDE3\src\main\webapp\resources\image\2019\10\새텍스트문서20.txt",134,"txt","",19/10/24
"201910244c9c1eb882544abc9ee33a2cc651650c",1,"새텍스트문서.txt","","C:\Users\sist\git\SUNNYSIDE3\SUNNYSIDE3\src\main\webapp\resources\image\2019\10\새텍스트문서21.txt",134,"txt","",19/10/24
"2019102429d864822023414cb6e20313dd29b9ad",1,"새텍스트문서.txt","","C:\Users\sist\git\SUNNYSIDE3\SUNNYSIDE3\src\main\webapp\resources\image\2019\10\새텍스트문서22.txt",134,"txt","",19/10/24
"20191024934c55bd0f2b4944af0f936e69da4cc8",1,"새텍스트문서.txt","","C:\Users\sist\git\SUNNYSIDE3\SUNNYSIDE3\src\main\webapp\resources\image\2019\10\새텍스트문서23.txt",134,"txt","",19/10/24
"20191024528fc35d18b54608ac05098589d7a664",1,"새텍스트문서.txt","","C:\Users\sist\git\SUNNYSIDE3\SUNNYSIDE3\src\main\webapp\resources\image\2019\10\새텍스트문서24.txt",134,"txt","",19/10/24
"201910292ec5af44a8c54dc6b78b9381c822b4fc",1,"UI(20190925 최종).xlsx","","D:\usr\local\apache-tomcat-8.5.34\webapps\SUNNYSIDE3\resources\image\2019\10\UI(20190925 최종).xlsx",7471801,"xlsx","",19/10/29
"2019102426961915ca55450b9758b65b72e744e2",1,"새 텍스트 문서.txt","","C:\Users\sist\git\SUNNYSIDE3\SUNNYSIDE3\src\main\webapp\resources\image\2019\10\새 텍스트 문서3.txt",134,"txt","",19/10/24
"201910246a8bfe011eca438cbe390f23ae81be3e",1,"새 텍스트 문서.txt","","C:\Users\sist\git\SUNNYSIDE3\SUNNYSIDE3\src\main\webapp\resources\image\2019\10\새 텍스트 문서4.txt",134,"txt","",19/10/24
"20191024733e6d22378948f0996761f81ddbafe4",1,"새 텍스트 문서.txt","","C:\Users\sist\git\SUNNYSIDE3\SUNNYSIDE3\src\main\webapp\resources\image\2019\10\새 텍스트 문서5.txt",134,"txt","",19/10/24
"201910248c73550035ad439eb11770a7e95211b1",1,"새 텍스트 문서.txt","","C:\Users\sist\git\SUNNYSIDE3\SUNNYSIDE3\src\main\webapp\resources\image\2019\10\새 텍스트 문서6.txt",134,"txt","",19/10/24
"201910248c73550035ad439eb11770a7e95211b1",2,"새 텍스트 문서.txt","","C:\Users\sist\git\SUNNYSIDE3\SUNNYSIDE3\src\main\webapp\resources\image\2019\10\새 텍스트 문서7.txt",134,"txt","",19/10/24
"2019102499a1f775765b4b6d9a8deed354754a0f",1,"새 텍스트 문서.txt","","C:\Users\sist\git\SUNNYSIDE3\SUNNYSIDE3\src\main\webapp\resources\image\2019\10\새 텍스트 문서8.txt",134,"txt","",19/10/24
"2019102458b5cb8b4c9f43298b6451901b2a0a30",1,"새 텍스트 문서.txt","","C:\Users\sist\git\SUNNYSIDE3\SUNNYSIDE3\src\main\webapp\resources\image\2019\10\새 텍스트 문서9.txt",134,"txt","",19/10/24
"201910245f0d56131c1740c5a8b08e07df6f5096",1,"새 텍스트 문서.txt","","C:\Users\sist\git\SUNNYSIDE3\SUNNYSIDE3\src\main\webapp\resources\image\2019\10\새 텍스트 문서10.txt",134,"txt","",19/10/24
"201910242a14f102d5f644ffb0457942e74431d2",1,"새 텍스트 문서.txt","","C:\Users\sist\git\SUNNYSIDE3\SUNNYSIDE3\src\main\webapp\resources\image\2019\10\새 텍스트 문서11.txt",134,"txt","",19/10/24
"20191024cb5e62f374cc40e38f26a7e6171c1235",1,"새 텍스트 문서.txt","","C:\Users\sist\git\SUNNYSIDE3\SUNNYSIDE3\src\main\webapp\resources\image\2019\10\새 텍스트 문서12.txt",134,"txt","",19/10/24
"2019102432a57bcfb28840d6a43cdb3767f31464",1,"새 텍스트 문서.txt","","C:\Users\sist\git\SUNNYSIDE3\SUNNYSIDE3\src\main\webapp\resources\image\2019\10\새 텍스트 문서13.txt",134,"txt","",19/10/24
"20191024935f9716bd4441c7bc33e43dae80902c",1,"새 텍스트 문서.txt","","C:\Users\sist\git\SUNNYSIDE3\SUNNYSIDE3\src\main\webapp\resources\image\2019\10\새 텍스트 문서14.txt",134,"txt","",19/10/24
"20191024c921302a381c4db9b10f0d4d5243ff25",1,"새 텍스트 문서.txt","","C:\Users\sist\git\SUNNYSIDE3\SUNNYSIDE3\src\main\webapp\resources\image\2019\10\새 텍스트 문서15.txt",134,"txt","",19/10/24
"20191024c921302a381c4db9b10f0d4d5243ff25",2,"새 텍스트 문서.txt","","C:\Users\sist\git\SUNNYSIDE3\SUNNYSIDE3\src\main\webapp\resources\image\2019\10\새 텍스트 문서16.txt",134,"txt","",19/10/24
"201910249dc91ea4154643d09c4603acdbc74dd6",1,"새 텍스트 문서.txt","","C:\Users\sist\git\SUNNYSIDE3\SUNNYSIDE3\src\main\webapp\resources\image\2019\10\새 텍스트 문서17.txt",134,"txt","",19/10/24
"201910248c95fb5511ad45918fbaaeaf5900a70a",1,"새 텍스트 문서.txt","","C:\Users\sist\git\SUNNYSIDE3\SUNNYSIDE3\src\main\webapp\resources\image\2019\10\새 텍스트 문서18.txt",134,"txt","",19/10/24
"201910247540591b63ea4a0f8d7a078645d1b71d",1,"새텍스트문서.txt","","C:\Users\sist\git\SUNNYSIDE3\SUNNYSIDE3\src\main\webapp\resources\image\2019\10\새텍스트문서7.txt",134,"txt","",19/10/24
"2019102487f23fc64474483fbc9b072e07690a90",1,"새텍스트문서.txt","","C:\Users\sist\git\SUNNYSIDE3\SUNNYSIDE3\src\main\webapp\resources\image\2019\10\새텍스트문서8.txt",134,"txt","",19/10/24
"20191025d1aa77a3834848bca0ebe87c352180a5",1,"새텍스트문서.txt","","C:\Users\sist\git\SUNNYSIDE3\SUNNYSIDE3\src\main\webapp\resources\image\2019\10\새텍스트문서13.txt",134,"txt","",19/10/25
"201910253ba4a8c7f48e47a097f84adf0af35594",1,"새텍스트문서.txt","","C:\Users\sist\git\SUNNYSIDE3\SUNNYSIDE3\src\main\webapp\resources\image\2019\10\새텍스트문서14.txt",134,"txt","",19/10/25
"2019102568c6019dd597432d85d248440d2a48b3",1,"새텍스트문서.txt","","C:\Users\sist\git\SUNNYSIDE3\SUNNYSIDE3\src\main\webapp\resources\image\2019\10\새텍스트문서15.txt",134,"txt","",19/10/25
"2019102523283492f34744a1b06cc5fa52393f63",1,"새텍스트문서.txt","","C:\Users\sist\git\SUNNYSIDE3\SUNNYSIDE3\src\main\webapp\resources\image\2019\10\새텍스트문서16.txt",134,"txt","",19/10/25
