"TICKET_CODE","USER_ID","ORG_IMG_NM","SAVE_IMG_NM","EXT","IMG_SIZE","REG_DT","KORTITLE","SCREEN_DT","SEAT_NM","ROOM_ID","THISFILENM"
"W0A2Q0XBV93RTQXUWRCD","admin","피카츄.jfif","C:\Users\sist\git\SUNNYSIDE3\SUNNYSIDE3\src\main\webapp\resources\img\phototicket\피카츄30.jfif","jfif",28418,19/10/28,"꼼:수행",,"C13","","피카츄30.jfif"
"S0BOT6LE7WTSNED8NNHR","admin","bori.jpg","C:\Users\sist\git\SUNNYSIDE3\SUNNYSIDE3\src\main\webapp\resources\img\phototicket\bori11.jpg","jpg",233131,19/10/28,"꼼:수행",,"C24","","bori11.jpg"
"YO30BY4AUTWWR7D47AA4","syji999","bada.jpg","C:\Users\sist\git\SUNNYSIDE3\SUNNYSIDE3\src\main\webapp\resources\img\phototicket\bada.jpg","jpg",8379,19/10/29,"",19/10/29,"G14","","bada.jpg"
"IIEOD3MI0GNPYBW1ADTP","admin","bori.jpg","C:\Users\sist\git\SUNNYSIDE3\SUNNYSIDE3\src\main\webapp\resources\img\phototicket\bori12.jpg","jpg",233131,19/10/29,"경계선",,"C7","","bori12.jpg"
"JZJW5KCI08FXN4NHDBBS","admin","피카츄.jfif","C:\Users\sist\git\SUNNYSIDE3\SUNNYSIDE3\src\main\webapp\resources\img\phototicket\피카츄32.jfif","jfif",28418,19/10/29,"경계선",,"D7","","피카츄32.jfif"
"20WYTYBYRMNN3FHPSG4C","dosam","피카츄.jfif","C:\Users\sist\git\SUNNYSIDE3\SUNNYSIDE3\src\main\webapp\resources\img\phototicket\피카츄33.jfif","jfif",28418,19/10/29,"",19/10/30,"B6","","피카츄33.jfif"
"8W80W6W5BX6AXYHQKVTS","admin","bada.jpg","C:\Users\sist\git\SUNNYSIDE3\SUNNYSIDE3\src\main\webapp\resources\img\phototicket\bada.jpg","jpg",8379,19/10/29,"",19/10/29,"C12","","bada.jpg"
"W4JHUY70V70159J6SHBT","admin","bada.jpg","C:\Users\sist\git\SUNNYSIDE3\SUNNYSIDE3\src\main\webapp\resources\img\phototicket\bada1.jpg","jpg",8379,19/10/29,"",19/10/29,"C13","","bada1.jpg"
"JMFMEHAMN4ZU7L92AOQ4","admin","plainPopcorn.jpg","C:\Users\sist\git\SUNNYSIDE3\SUNNYSIDE3\src\main\webapp\resources\img\phototicket\plainPopcorn.jpg","jpg",50133,19/10/29,"",19/10/30,"H14","","plainPopcorn.jpg"
"EW6G7QHPFSJK80NIFNCB","syji999","bada.jpg","C:\Users\sist\git\SUNNYSIDE3\SUNNYSIDE3\src\main\webapp\resources\img\phototicket\bada2.jpg","jpg",8379,19/10/29,"",19/10/31,"D14","","bada2.jpg"
"ZC7ULB3UGN88AV73UF0S","syji999","bada.jpg","C:\Users\sist\git\SUNNYSIDE3\SUNNYSIDE3\src\main\webapp\resources\img\phototicket\bada3.jpg","jpg",8379,19/10/29,"",19/10/31,"D13","","bada3.jpg"
"AETOI4QBB1AILJDBQ1ZN","syji999","sand.jpg","C:\Users\sist\git\SUNNYSIDE3\SUNNYSIDE3\src\main\webapp\resources\img\phototicket\sand.jpg","jpg",246332,19/10/29,"",19/10/29,"I14","","sand.jpg"
"34Q4JSTDN0SJYB6VIO70","admin","bori.jpg","C:\Users\sist\git\SUNNYSIDE3\SUNNYSIDE3\src\main\webapp\resources\img\phototicket\bori10.jpg","jpg",233131,19/10/28,"꼼:수행",,"C13","","bori10.jpg"
