"PRODUCT_ID","PRODUCT_NM","PRODUCT_INFO","CATEGORY","PRODUCT_COST","ORG_FILE_NM","SAVE_FILE_NM","EXT","CART_ID"
"20191027-003-120","IMAX관람권"," IMAX는 사람이 볼 수 있는 최대 영상이라는 뜻으로, 최고의 몰입감을 선사합니다.
",3,15000,"imax.jpg","../resources/image/2019/10/imax.jpg","jpg","20191027-060"
"20191027-003-121","3D관람권","단순한 영화 관람을 넘어 영화 속 주인공이 된 듯한 체험을 해보세요! 입체감으로 손에 닿을 것 같은 생생함을 주는 특별 상영관입니다.
",3,12000,"3dx.jpg","../resources/image/2019/10/3dx.jpg","jpg","20191027-061"
"20191027-002-125","자몽에이드(L)","시원한 자몽에이드와 함께면 영화 보는 재미가 2배!
",2,4500,"jamong.jpg","../resources/image/2019/10/jamong.jpg","jpg","20191027-065"
"20191027-003-123","4DX관람권","단순한 영화 관람을 넘어 영화 속 주인공이 된 듯한 체험을 해보세요!장면마다 생생함을 극대화시키는 4DX 효과를 통해 영화에 더욱 몰입할 수 있습니다
",3,18000,"4dx.jpg","../resources/image/2019/10/4dx.jpg","jpg","20191027-063"
"20191027-003-124","골드클래스(2인)","최고의 관람환경을 제공함과 동시에 고객 맞춤형 서비스까지 제공되는 프리미엄 상영관입니다.
",3,35000,"goldclass.jpg","../resources/image/2019/10/goldclass.jpg","jpg","20191027-064"
"20191027-003-118","영화 관람권  ","영화를 3000원 할인된 가격으로 보세요
",3,7000,"movieticket.jpg","../resources/image/2019/10/movieticket.jpg","jpg","20191027-058"
"20191027-003-119","기프트카드","충전형 선불 카드
",3,10000,"giftcard.jpg","../resources/image/2019/10/giftcard.jpg","jpg","20191027-059"
"20191027-002-126","오렌지주스","100%오렌지과즙
",2,3500,"orange.jpg","../resources/image/2019/10/orange.jpg","jpg","20191027-066"
"20191027-002-130","아메리카노(ICE)","현대인의 필수품, 아메리카노 한잔하세요~
",2,4000,"americano.jpg","../resources/image/2019/10/americano.jpg","jpg","20191027-070"
"20191027-002-128","탄산음료(L)","콜라,콜라제로,환타오렌지,스프라이트 중 원하는 맛으로 교환하세요!
",2,2700,"coke(L).jpg","../resources/image/2019/10/coke(L).jpg","jpg","20191027-068"
"20191027-001-132","고소팝콘(L)","옥수수 본연의 맛을 즐길 수 있는 짭짜름한 클래식 고소팝콘!
",1,5000,"plain.jpg","../resources/image/2019/10/plain.jpg","jpg","20191027-072"
"20191027-002-131","탄산음료(M)","콜라,콜라제로,환타오렌지,환타포도,스프라이트 중 원하는 맛으로 교환하세요!
",2,2200,"coke(M).jpg","../resources/image/2019/10/coke(M).jpg","jpg","20191027-071"
"20191027-001-133","달콤팝콘(L)","달콤한 카라멜 향이 가득한 달콤팝콘을 즐겨보세요!
",1,6000,"caramel(L).jpg","../resources/image/2019/10/caramel(L).jpg","jpg","20191027-073"
"20191027-001-134","더블치즈팝콘(L)","치즈매니아들이라면 놓칠 수 없는 바로 그 팝콘!
",1,6000,"doublecheese(L).jpg","../resources/image/2019/10/doublecheese(L).jpg","jpg","20191027-074"
"20191027-001-135","바질어니언팝콘(L)","수많은 매니아를 보유한 바로 그 팝콘! 중독성 200%
",1,6000,"onion(L).jpg","../resources/image/2019/10/onion(L).jpg","jpg","20191027-075"
"20191027-001-136","스위트랜치 팝콘(L)","입에서 사르르 녹는 스위트랜치 팝콘을 경험해보세요
",1,6500,"sweetlanch.jpg","../resources/image/2019/10/sweetlanch.jpg","jpg","20191027-076"
"20191027-001-137","고소팝콘(M)","옥수수 본연의 맛을 즐길 수 있는 짭짜름한 클래식 고소팝콘!
",1,4500,"plain(m).jpg","../resources/image/2019/10/plain(m).jpg","jpg","20191027-077"
"20191027-001-138","더블치즈팝콘(M)","치즈매니아들이라면 놓칠 수 없는 바로 그 팝콘!
",1,5500,"doublecheese(M).jpg","../resources/image/2019/10/doublecheese(M).jpg","jpg","20191027-078"
"20191027-001-139","달콤팝콘(M)","달콤한 카라멜 향이 가득한 달콤팝콘을 즐겨보세요!
",1,5500,"caramel(M).jpg","../resources/image/2019/10/caramel(M).jpg","jpg","20191027-079"
"20191027-001-140","바질어니언팝콘(M)","수많은 매니아를 보유한 바로 그 팝콘! 중독성 200%
",1,5500,"onion(M).jpg","../resources/image/2019/10/onion(M).jpg","jpg","20191027-080"
