"USER_ID","QNA_NUM","TITLE","CONTENTS","STATUS","REG_DT","ORG_FILE_NM","SAVE_FILE_NM","EXT","FILE_SIZE","RE_CONTENTS","RE_DT"
"syji999","581","오늘 이페이지가 마지막이라구요?","오늘 이게 마지막이예요?","답변완료",19/10/29,"","","",0,"네. 폭파됩니다",19/10/29
"user01","543","예매내역을 꼭 출력해야 하나요?","예매를 했는데 내역을 꼭 출력해야 하는지 궁금합니다.","답변완료",19/10/29,"","","",0,"네 출력해야 합니다.",19/10/29
"user02","565","예매 취소는 어떻게 하나요?","예매 취소는 어떻게 하나요?","답변대기",19/10/29,"","","",0,"",19/10/29
"user03","566","인터넷 예매 수수료가 있나요?","인터넷 예매 수수료가 있나요?","답변대기",19/10/29,"","","",0,"",19/10/29
"user04","567","아이디와 비번을 까먹었습니다.","아이디와 비번을 까먹었습니다.","답변대기",19/10/29,"","","",0,"",19/10/29
