"MOVIE_ID","USER_ID","CONTENTS","VISITOR_RATE","REG_DT"
"F48335","user01","안젤리나 졸리 최고..",5,19/10/28
"F48335","admin","영상이 너무 예뻐요~",4,19/10/28
"F48335","user02","오로라 너무 답답해요...",3,19/10/28
"F48335","user03","요정들 너무 귀여움 ㅜㅜ",4,19/10/28
"F48335","user04","이런 반전이???",3,19/10/28
"F48335","user05","재미있어요~",5,19/10/26
"F48335","user06","말레피센트 너무 멋지네요 ㅎㅎ",4,19/10/27
"F48335","user07","아이들과 보기에 좋아요~",5,19/10/27
"F48335","user08","희대의 작품이에요",5,19/10/27
"F48335","user09","역시 디즈니!!!",5,19/10/25
"F48335","user10","이것이야말로 어른들을 위한 동화네요! ㅎㅎ",3,19/10/28
