"BRANCH_ID","ROOM_ID","ROOM_NM","TOTAL_SEAT","REST_SEAT"
"PXGOC4X0M28DDVI7SVJ1","7KLNKUSL63RZW5RU1ST5","3관",251,251
"5GI7FHGP1AM1ZPERNUIG","7PWIB9L0KY55NJ0YHO5Y","4관",57,57
"PXGOC4X0M28DDVI7SVJ1","IIII6N3Q7E6YPBJ81TVH","2관",190,190
"PXGOC4X0M28DDVI7SVJ1","ZGY13KBN1SDIA3LRKQIF","1관",184,184
"5GI7FHGP1AM1ZPERNUIG","9T8BE7TKFW75C0Z542RA","1관",198,198
"5GI7FHGP1AM1ZPERNUIG","ZHLQ3WQBXG9UKQQWQB3M","2관",260,260
"5GI7FHGP1AM1ZPERNUIG","ITAHSZ9QUAZ8V32OFUUY","3관",114,114
"PXGOC4X0M28DDVI7SVJ1","S9O2VGFTO39NLPF77O2Y","4dx",33,33
"5GI7FHGP1AM1ZPERNUIG","1G7VWHNFB6WC8SEBBAM3","5관",34,34
