"SCREEN_ID","ROOM_ID","BRANCH_ID","MOVIE_ID","START_TIME","END_TIME","SCREEN_DT","ADULT_COST","STUDENT_COST","EPISODE"
"A6O7WMWOQLKYTCQXXOYX","9T8BE7TKFW75C0Z542RA","5GI7FHGP1AM1ZPERNUIG","F49438",19/10/29,19/10/29,19/10/29,11000,9000,6
"3E8RGB208Q42C6LNI486","9T8BE7TKFW75C0Z542RA","5GI7FHGP1AM1ZPERNUIG","F49438",19/10/29,19/10/29,19/10/29,11000,9000,3
"NIO1TJF7GHREJ7ZAKUEO","9T8BE7TKFW75C0Z542RA","5GI7FHGP1AM1ZPERNUIG","F49438",19/10/29,19/10/29,19/10/29,11000,9000,5
"SUFRX3DW0ZBTBXEJ4KQK","9T8BE7TKFW75C0Z542RA","5GI7FHGP1AM1ZPERNUIG","F49438",19/10/29,19/10/30,19/10/29,11000,9000,8
"Y81483M2OP66MKVI18QL","9T8BE7TKFW75C0Z542RA","5GI7FHGP1AM1ZPERNUIG","F48336",19/10/31,19/10/31,19/10/31,8000,5000,7
"69D1YD9MRM9IT71Z4MIM","9T8BE7TKFW75C0Z542RA","5GI7FHGP1AM1ZPERNUIG","F48336",19/10/30,19/10/30,19/10/30,8000,5000,1
"RDMAIXHCU33UTM3ED03N","9T8BE7TKFW75C0Z542RA","5GI7FHGP1AM1ZPERNUIG","F48336",19/11/05,19/11/06,19/11/05,8000,5000,1
"VAC6FDINMBUGNN4F0VJI","9T8BE7TKFW75C0Z542RA","5GI7FHGP1AM1ZPERNUIG","F48335",19/10/31,19/10/31,19/10/31,11000,9000,2
"FT5EDR0JZJ0VI1KVGIAK","9T8BE7TKFW75C0Z542RA","5GI7FHGP1AM1ZPERNUIG","F48335",19/10/31,19/10/31,19/10/31,11000,9000,4
"D19FY9WMTZ7D1D992CPF","9T8BE7TKFW75C0Z542RA","5GI7FHGP1AM1ZPERNUIG","F48335",19/10/31,19/10/31,19/10/31,11000,9000,6
"XJJ5CFC45FZEXTXD3207","ZHLQ3WQBXG9UKQQWQB3M","5GI7FHGP1AM1ZPERNUIG","F48335",19/10/29,19/10/29,19/10/29,11000,9000,2
"R7W1XA4LDABE1TQQHLJ4","ZHLQ3WQBXG9UKQQWQB3M","5GI7FHGP1AM1ZPERNUIG","F48335",19/10/29,19/10/29,19/10/29,11000,9000,4
"PW0QS5Q5F9GTJLGUTOQQ","ZHLQ3WQBXG9UKQQWQB3M","5GI7FHGP1AM1ZPERNUIG","F48335",19/10/29,19/10/29,19/10/29,11000,9000,6
"PNI79P4EEHITZ1YKCN6C","ZHLQ3WQBXG9UKQQWQB3M","5GI7FHGP1AM1ZPERNUIG","F49438",19/10/30,19/10/30,19/10/30,11000,9000,1
"JLEXWR9VIHG692CZM457","ZHLQ3WQBXG9UKQQWQB3M","5GI7FHGP1AM1ZPERNUIG","F49438",19/10/30,19/10/30,19/10/30,11000,9000,3
"M9ZEBFDV9M7D95NLER3R","ZHLQ3WQBXG9UKQQWQB3M","5GI7FHGP1AM1ZPERNUIG","F49438",19/10/30,19/10/30,19/10/30,11000,9000,6
"INIXMS49UOVBACBMG1JK","7KLNKUSL63RZW5RU1ST5","PXGOC4X0M28DDVI7SVJ1","F49438",19/10/29,19/10/29,19/10/29,1,1,2
"2DT7IKG8SQSZGVNI0R3D","ZHLQ3WQBXG9UKQQWQB3M","5GI7FHGP1AM1ZPERNUIG","F46434",19/10/31,19/10/31,19/10/31,11000,9000,3
"8MKKKIAP1Y8DHIZFQPK6","ITAHSZ9QUAZ8V32OFUUY","5GI7FHGP1AM1ZPERNUIG","F46434",19/10/29,19/10/29,19/10/29,11000,9000,1
"DXT9AE6ISHCMLGDQMB91","ZHLQ3WQBXG9UKQQWQB3M","5GI7FHGP1AM1ZPERNUIG","F46434",19/10/31,19/10/31,19/10/31,11000,9000,1
"ZMBNEM33T8GT2EEWI9H2","ZHLQ3WQBXG9UKQQWQB3M","5GI7FHGP1AM1ZPERNUIG","F46434",19/10/31,19/10/31,19/10/31,11000,9000,5
"4ZI8C04M7H3MXLOG0WBB","ZHLQ3WQBXG9UKQQWQB3M","5GI7FHGP1AM1ZPERNUIG","F46434",19/10/31,19/10/31,19/10/31,11000,9000,7
"CNG9L46PRU492AQ8B5JX","ITAHSZ9QUAZ8V32OFUUY","5GI7FHGP1AM1ZPERNUIG","F46434",19/10/29,19/10/29,19/10/29,11000,9000,2
"86E7H6PRX3PYL1X14213","ITAHSZ9QUAZ8V32OFUUY","5GI7FHGP1AM1ZPERNUIG","F46434",19/10/29,19/10/29,19/10/29,11000,9000,4
"N1AXEX49AOIDW0TTT60I","ITAHSZ9QUAZ8V32OFUUY","5GI7FHGP1AM1ZPERNUIG","F46434",19/10/29,19/10/29,19/10/29,11000,9000,6
"7WOCW2B7DRBZ6TUN4IGR","ZGY13KBN1SDIA3LRKQIF","PXGOC4X0M28DDVI7SVJ1","F48432",19/10/29,19/10/29,19/10/29,9000,6000,1
"V74T3ISF8YKBYPGK3L4S","ZGY13KBN1SDIA3LRKQIF","PXGOC4X0M28DDVI7SVJ1","F48432",19/10/29,19/10/29,19/10/29,11000,9000,3
"PF8GIC10IALPE5CAEGS4","ZGY13KBN1SDIA3LRKQIF","PXGOC4X0M28DDVI7SVJ1","F49259",19/10/29,19/10/29,19/10/29,11000,9000,4
"0VICHRJ9FYFUYP8DK5UL","ZGY13KBN1SDIA3LRKQIF","PXGOC4X0M28DDVI7SVJ1","F49259",19/10/29,19/10/29,19/10/29,11000,9000,6
"SD4M3WMD68O3HN477SQY","ZGY13KBN1SDIA3LRKQIF","PXGOC4X0M28DDVI7SVJ1","F48999",19/10/29,19/10/29,19/10/29,11000,9000,7
"BGUGZT3YB7W7UWQ3S4QO","ZGY13KBN1SDIA3LRKQIF","PXGOC4X0M28DDVI7SVJ1","K17732",19/10/30,19/10/30,19/10/30,11000,9000,1
"Z7DXLK15HYCVMP2S67KE","ZGY13KBN1SDIA3LRKQIF","PXGOC4X0M28DDVI7SVJ1","A09109",19/10/30,19/10/30,19/10/30,11000,9000,3
"3IL04F7ARUW6Z3VX0WMH","ZGY13KBN1SDIA3LRKQIF","PXGOC4X0M28DDVI7SVJ1","F48009",19/10/30,19/10/30,19/10/30,11000,9000,6
"RFUXWY004BIWMBP4MK7D","ZGY13KBN1SDIA3LRKQIF","PXGOC4X0M28DDVI7SVJ1","F48009",19/10/30,19/10/31,19/10/30,11000,9000,8
"EXCH27TNMOAYMFC0HL18","ZGY13KBN1SDIA3LRKQIF","PXGOC4X0M28DDVI7SVJ1","F48432",19/10/31,19/10/31,19/10/31,11000,9000,2
"L6Y5WA4HPHZ1Y5NX6LE6","ZGY13KBN1SDIA3LRKQIF","PXGOC4X0M28DDVI7SVJ1","K20477",19/10/31,19/10/31,19/10/31,11000,9000,5
"6UOD8VWF7BDON3HTENDE","ZGY13KBN1SDIA3LRKQIF","PXGOC4X0M28DDVI7SVJ1","F48336",19/10/31,19/10/31,19/10/31,11000,9000,7
"TCAMWUM2RU15C0KT2VL4","IIII6N3Q7E6YPBJ81TVH","PXGOC4X0M28DDVI7SVJ1","F48214",19/10/31,19/10/31,19/10/31,11000,9000,1
"MH5CLGVCT1CZYOS2PAFZ","IIII6N3Q7E6YPBJ81TVH","PXGOC4X0M28DDVI7SVJ1","F48214",19/10/31,19/10/31,19/10/31,11000,9000,3
"QYKJCXHPZ2Y05JRET5ZQ","IIII6N3Q7E6YPBJ81TVH","PXGOC4X0M28DDVI7SVJ1","K21060",19/10/31,19/10/31,19/10/31,11000,9000,5
"WZ1QJU71BZTTT5OYEN2K","IIII6N3Q7E6YPBJ81TVH","PXGOC4X0M28DDVI7SVJ1","F49504",19/10/29,19/10/29,19/10/29,11000,9000,1
"JTDYK4ESURTLAHP9SSLO","IIII6N3Q7E6YPBJ81TVH","PXGOC4X0M28DDVI7SVJ1","F49504",19/10/29,19/10/29,19/10/29,11000,9000,3
"XBIS7MZK6TZCZCPG3GID","IIII6N3Q7E6YPBJ81TVH","PXGOC4X0M28DDVI7SVJ1","K21094",19/10/29,19/10/29,19/10/29,11000,9000,5
"L1NMGJ2LY9MBYLDRGCJR","IIII6N3Q7E6YPBJ81TVH","PXGOC4X0M28DDVI7SVJ1","F48432",19/10/30,19/10/30,19/10/30,9000,6000,1
"XE5U4I2EX8NET8ADULE6","IIII6N3Q7E6YPBJ81TVH","PXGOC4X0M28DDVI7SVJ1","K21060",19/10/30,19/10/30,19/10/30,11000,9000,3
"VMW5FD4FP881UO8QJP0E","IIII6N3Q7E6YPBJ81TVH","PXGOC4X0M28DDVI7SVJ1","F48009",19/10/30,19/10/30,19/10/30,11000,9000,5
"RQ0RIWPS7SXBYFWDR99T","IIII6N3Q7E6YPBJ81TVH","PXGOC4X0M28DDVI7SVJ1","F48009",19/10/30,19/10/30,19/10/30,11000,9000,7
"XFAULWKAIUPJMPVZBY32","7KLNKUSL63RZW5RU1ST5","PXGOC4X0M28DDVI7SVJ1","F48009",19/10/29,19/10/29,19/10/29,10,10,1
"QJ54XHLO9A2XOUCCI7FL","1G7VWHNFB6WC8SEBBAM3","5GI7FHGP1AM1ZPERNUIG","F49438",19/10/30,19/10/30,19/10/30,8000,5000,1
"SL41BACCJYCA20MLKZC0","9T8BE7TKFW75C0Z542RA","5GI7FHGP1AM1ZPERNUIG","F49438",19/10/29,19/10/29,19/10/29,11000,9000,2
"XB18CUT1NWAYQWECJZYR","9T8BE7TKFW75C0Z542RA","5GI7FHGP1AM1ZPERNUIG","F49438",19/10/29,19/10/29,19/10/29,11000,9000,4
"18NM7703JFEIS5F98956","9T8BE7TKFW75C0Z542RA","5GI7FHGP1AM1ZPERNUIG","F49438",19/10/29,19/10/29,19/10/29,11000,9000,1
"5CDLF13C5RA5L7F4FX3Z","9T8BE7TKFW75C0Z542RA","5GI7FHGP1AM1ZPERNUIG","F49438",19/10/29,19/10/29,19/10/29,11000,9000,7
"YQ1Q5EFKXQYNGP369CB8","9T8BE7TKFW75C0Z542RA","5GI7FHGP1AM1ZPERNUIG","F48335",19/10/31,19/10/31,19/10/31,11000,9000,1
"GMT1I3HD4JWI3N70Z8DC","9T8BE7TKFW75C0Z542RA","5GI7FHGP1AM1ZPERNUIG","F48335",19/10/31,19/10/31,19/10/31,11000,9000,3
"ND10LJYAGPNR2QVHUJ4A","9T8BE7TKFW75C0Z542RA","5GI7FHGP1AM1ZPERNUIG","F48335",19/10/31,19/10/31,19/10/31,11000,9000,5
"XB21E5NFXHIXQD925RBY","ZHLQ3WQBXG9UKQQWQB3M","5GI7FHGP1AM1ZPERNUIG","F48335",19/10/29,19/10/29,19/10/29,11000,9000,1
"S5579RZY7CAWJGD2JPFI","ZHLQ3WQBXG9UKQQWQB3M","5GI7FHGP1AM1ZPERNUIG","F48335",19/10/29,19/10/29,19/10/29,11000,9000,3
"0H773XT8I6FNO9H721ZL","ZHLQ3WQBXG9UKQQWQB3M","5GI7FHGP1AM1ZPERNUIG","F48335",19/10/29,19/10/29,19/10/29,11000,9000,5
"IYBHXWZA3OK69J5V2YFS","ZHLQ3WQBXG9UKQQWQB3M","5GI7FHGP1AM1ZPERNUIG","F48335",19/10/29,19/10/30,19/10/29,11000,9000,7
"YFLVLS4MIDN1NR0YE6H6","ZHLQ3WQBXG9UKQQWQB3M","5GI7FHGP1AM1ZPERNUIG","F49438",19/10/30,19/10/30,19/10/30,11000,9000,2
"MEERQLJR8W00GLG3QG3G","ZHLQ3WQBXG9UKQQWQB3M","5GI7FHGP1AM1ZPERNUIG","F49438",19/10/30,19/10/30,19/10/30,11000,9000,4
"AMCRGL5NQN2OCTKO04MT","ZHLQ3WQBXG9UKQQWQB3M","5GI7FHGP1AM1ZPERNUIG","F49438",19/10/30,19/10/30,19/10/30,11000,9000,5
"O4NYZ45E74EOTTY2ZJEG","ZHLQ3WQBXG9UKQQWQB3M","5GI7FHGP1AM1ZPERNUIG","F49438",19/10/30,19/10/30,19/10/30,11000,9000,7
"9LFLQKPHQ3XFKRE9RH5O","ZHLQ3WQBXG9UKQQWQB3M","5GI7FHGP1AM1ZPERNUIG","F46434",19/10/31,19/10/31,19/10/31,11000,9000,2
"PJBKG0RCDY5AQ2FFOCGP","ZHLQ3WQBXG9UKQQWQB3M","5GI7FHGP1AM1ZPERNUIG","F46434",19/10/31,19/10/31,19/10/31,11000,9000,4
"73TSVTXLB3RP3Q0PM7X3","ZHLQ3WQBXG9UKQQWQB3M","5GI7FHGP1AM1ZPERNUIG","F46434",19/10/31,19/10/31,19/10/31,11000,9000,6
"4I1HP5ZC9CJ7675DGN2Z","ITAHSZ9QUAZ8V32OFUUY","5GI7FHGP1AM1ZPERNUIG","F46434",19/10/29,19/10/29,19/10/29,11000,9000,3
"OWJW289GZ5IRPZL80RTF","ITAHSZ9QUAZ8V32OFUUY","5GI7FHGP1AM1ZPERNUIG","F46434",19/10/29,19/10/29,19/10/29,11000,9000,5
"PDHA24C2MJJ15PP7QBXP","ITAHSZ9QUAZ8V32OFUUY","5GI7FHGP1AM1ZPERNUIG","F46434",19/10/29,19/10/29,19/10/29,11000,9000,7
"BI4ZC4G7ZZS60J9R0WYP","ZGY13KBN1SDIA3LRKQIF","PXGOC4X0M28DDVI7SVJ1","F48432",19/10/29,19/10/29,19/10/29,11000,9000,2
"RTI5V7YGAIXC9XF2HXH1","ZGY13KBN1SDIA3LRKQIF","PXGOC4X0M28DDVI7SVJ1","F49259",19/10/29,19/10/29,19/10/29,11000,9000,5
"458N3TS6LNWI4GU7P2GN","ZGY13KBN1SDIA3LRKQIF","PXGOC4X0M28DDVI7SVJ1","F48999",19/10/29,19/10/29,19/10/29,11000,9000,8
"NEJ8X78IHRT517CVNBBG","ZGY13KBN1SDIA3LRKQIF","PXGOC4X0M28DDVI7SVJ1","K17732",19/10/30,19/10/30,19/10/30,11000,9000,2
"VVZFZRJY0VP4C1A1CG5L","ZGY13KBN1SDIA3LRKQIF","PXGOC4X0M28DDVI7SVJ1","A09109",19/10/30,19/10/30,19/10/30,11000,9000,4
"LLBMV9ESR6NKXG2M527X","ZGY13KBN1SDIA3LRKQIF","PXGOC4X0M28DDVI7SVJ1","A09109",19/10/30,19/10/30,19/10/30,11000,9000,5
"3XMTT36EOIG8XN2Q5D7R","ZGY13KBN1SDIA3LRKQIF","PXGOC4X0M28DDVI7SVJ1","F48009",19/10/30,19/10/30,19/10/30,11000,9000,7
"X6JYBSRH4IZGESEEPI0J","ZGY13KBN1SDIA3LRKQIF","PXGOC4X0M28DDVI7SVJ1","F48432",19/10/31,19/10/31,19/10/31,9000,6000,1
"ZLZXTJT5F5IKO964WM52","ZGY13KBN1SDIA3LRKQIF","PXGOC4X0M28DDVI7SVJ1","K20477",19/10/31,19/10/31,19/10/31,11000,9000,3
"PSPLQL0J56KB913OMHQW","ZGY13KBN1SDIA3LRKQIF","PXGOC4X0M28DDVI7SVJ1","F48336",19/10/31,19/10/31,19/10/31,11000,9000,6
"XYULO0HT3S2WCSCAS3GZ","ZGY13KBN1SDIA3LRKQIF","PXGOC4X0M28DDVI7SVJ1","K20477",19/10/31,19/10/31,19/10/31,11000,9000,4
"CW1SYUUHDM3MFUOOJV4T","ZGY13KBN1SDIA3LRKQIF","PXGOC4X0M28DDVI7SVJ1","F48336",19/10/31,19/11/01,19/10/31,11000,9000,8
"724CU6KZ9375ZIRNNJ33","IIII6N3Q7E6YPBJ81TVH","PXGOC4X0M28DDVI7SVJ1","F48214",19/10/31,19/10/31,19/10/31,11000,9000,2
"845L18ZTW8IUJV962MS8","IIII6N3Q7E6YPBJ81TVH","PXGOC4X0M28DDVI7SVJ1","K21060",19/10/31,19/10/31,19/10/31,11000,9000,4
"X1MD4VA3ERRRZAF8A46Q","IIII6N3Q7E6YPBJ81TVH","PXGOC4X0M28DDVI7SVJ1","K21094",19/10/31,19/11/01,19/10/31,11000,9000,6
"E2TTYGB14JWLLQGD0FOF","IIII6N3Q7E6YPBJ81TVH","PXGOC4X0M28DDVI7SVJ1","F49504",19/10/29,19/10/29,19/10/29,11000,9000,2
"ZRLWIX3UZFXGPL1WIYE9","IIII6N3Q7E6YPBJ81TVH","PXGOC4X0M28DDVI7SVJ1","K21094",19/10/29,19/10/29,19/10/29,11000,9000,4
"F6PZH84ZP4OAVRNW0WNX","IIII6N3Q7E6YPBJ81TVH","PXGOC4X0M28DDVI7SVJ1","K21094",19/10/29,19/10/29,19/10/29,11000,9000,6
"W9IU5XH3PVNFLEFHZPV8","IIII6N3Q7E6YPBJ81TVH","PXGOC4X0M28DDVI7SVJ1","K18372",19/10/29,19/10/29,19/10/29,11000,9000,7
"1R4V6KCQIOUE8X4K4736","IIII6N3Q7E6YPBJ81TVH","PXGOC4X0M28DDVI7SVJ1","K18372",19/10/29,19/10/30,19/10/29,11000,9000,8
"3REBI3RVHJ42ORT3UULN","IIII6N3Q7E6YPBJ81TVH","PXGOC4X0M28DDVI7SVJ1","K21060",19/10/30,19/10/30,19/10/30,11000,9000,2
"MBIXSRZPLJO2HAJKVWQO","IIII6N3Q7E6YPBJ81TVH","PXGOC4X0M28DDVI7SVJ1","K21060",19/10/30,19/10/30,19/10/30,11000,9000,4
"3HS6GNH2RP7QJL4WJE14","IIII6N3Q7E6YPBJ81TVH","PXGOC4X0M28DDVI7SVJ1","F48009",19/10/30,19/10/30,19/10/30,11000,9000,6
