"TICKET_CODE","BRANCH_ID","ROOM_ID","USER_ID","MOVIE_ID","ADULT_CNT","SEAT_NM","SCREEN_ID","PAY_STATE","COST","PAY_DT","TICKET_DT"
"ZQT8II8XUH30PLBZ04PQ","PXGOC4X0M28DDVI7SVJ1","7KLNKUSL63RZW5RU1ST5","admin","F48009","1","B10","XFAULWKAIUPJMPVZBY32","1",140,19/10/29,19/10/29
"NQMIMQJ6XAQBXC888J0D","PXGOC4X0M28DDVI7SVJ1","7KLNKUSL63RZW5RU1ST5","admin","F48009","1","B23","XFAULWKAIUPJMPVZBY32","1",140,19/10/29,19/10/29
"DUQ3AWVPET50KOY4AZB8","PXGOC4X0M28DDVI7SVJ1","7KLNKUSL63RZW5RU1ST5","admin","F48009","1","B21","XFAULWKAIUPJMPVZBY32","1",140,19/10/29,19/10/29
"5SXESISBNL6YYJ0LHDEF","PXGOC4X0M28DDVI7SVJ1","7KLNKUSL63RZW5RU1ST5","admin","F48009","1","C21","XFAULWKAIUPJMPVZBY32","1",140,19/10/29,19/10/29
"SZ9RUC8Y5BC6WM5F8ET9","PXGOC4X0M28DDVI7SVJ1","7KLNKUSL63RZW5RU1ST5","admin","F48009","1","B15","XFAULWKAIUPJMPVZBY32","1",140,19/10/29,19/10/29
"BQ4WTQXEPNO1I94045CX","PXGOC4X0M28DDVI7SVJ1","7KLNKUSL63RZW5RU1ST5","admin","F48009","1","H17","XFAULWKAIUPJMPVZBY32","1",140,19/10/29,19/10/29
"5N2NR3OF69O4HYRT22ZL","5GI7FHGP1AM1ZPERNUIG","ZHLQ3WQBXG9UKQQWQB3M","syji999","F48335","1","I13","PW0QS5Q5F9GTJLGUTOQQ","1",28000,19/10/29,19/10/29
"AETOI4QBB1AILJDBQ1ZN","5GI7FHGP1AM1ZPERNUIG","ZHLQ3WQBXG9UKQQWQB3M","syji999","F48335","1","I14","PW0QS5Q5F9GTJLGUTOQQ","1",28000,19/10/29,19/10/29
"GCFT1GIT72U4UOD8C6JZ","PXGOC4X0M28DDVI7SVJ1","7KLNKUSL63RZW5RU1ST5","admin","F48009","1","B20","XFAULWKAIUPJMPVZBY32","1",140,19/10/29,19/10/29
"PQA3IOOWP67SBJVFB8XH","PXGOC4X0M28DDVI7SVJ1","7KLNKUSL63RZW5RU1ST5","admin","F48009","1","B9","XFAULWKAIUPJMPVZBY32","1",140,19/10/29,19/10/29
"8W80W6W5BX6AXYHQKVTS","5GI7FHGP1AM1ZPERNUIG","ZHLQ3WQBXG9UKQQWQB3M","admin","F48335","1","C12","IYBHXWZA3OK69J5V2YFS","1",22000,19/10/29,19/10/29
"W4JHUY70V70159J6SHBT","5GI7FHGP1AM1ZPERNUIG","ZHLQ3WQBXG9UKQQWQB3M","admin","F48335","1","C13","IYBHXWZA3OK69J5V2YFS","1",22000,19/10/29,19/10/29
"ZC7ULB3UGN88AV73UF0S","5GI7FHGP1AM1ZPERNUIG","ZGY13KBN1SDIA3LRKQIF","syji999","F48336","1","D13","6UOD8VWF7BDON3HTENDE","1",22000,19/10/29,19/10/29
"EW6G7QHPFSJK80NIFNCB","5GI7FHGP1AM1ZPERNUIG","ZGY13KBN1SDIA3LRKQIF","syji999","F48336","1","D14","6UOD8VWF7BDON3HTENDE","1",22000,19/10/29,19/10/29
"XAZH8YA6UUGA1V9NZQI8","5GI7FHGP1AM1ZPERNUIG","7KLNKUSL63RZW5RU1ST5","admin","F49438","0","D15","INIXMS49UOVBACBMG1JK","1",7,19/10/29,19/10/29
"RGRF3I8E3EQHC8GQMS3H","5GI7FHGP1AM1ZPERNUIG","7KLNKUSL63RZW5RU1ST5","admin","F49438","0","D16","INIXMS49UOVBACBMG1JK","1",7,19/10/29,19/10/29
"NKJWJ4YA2TV8IAZ0S8VC","5GI7FHGP1AM1ZPERNUIG","7KLNKUSL63RZW5RU1ST5","admin","F49438","0","B16","INIXMS49UOVBACBMG1JK","1",7,19/10/29,19/10/29
"YJDKPJBT9B1OF18CYEFA","5GI7FHGP1AM1ZPERNUIG","7KLNKUSL63RZW5RU1ST5","admin","F49438","0","D14","INIXMS49UOVBACBMG1JK","1",7,19/10/29,19/10/29
"ML0M10AOKYANW78DDC1B","5GI7FHGP1AM1ZPERNUIG","7KLNKUSL63RZW5RU1ST5","admin","F49438","0","B14","INIXMS49UOVBACBMG1JK","1",7,19/10/29,19/10/29
"LMCMW1Z5TD0L0GXK4GOY","5GI7FHGP1AM1ZPERNUIG","7KLNKUSL63RZW5RU1ST5","admin","F49438","0","B15","INIXMS49UOVBACBMG1JK","1",7,19/10/29,19/10/29
"M97KM33OI0U5YM1IN5CJ","5GI7FHGP1AM1ZPERNUIG","7PWIB9L0KY55NJ0YHO5Y","admin","F49287","1","D11","NM688IY71027LD97962L","1",16000,19/10/29,19/10/29
"CQXW6XSW2H5007JAQ9WQ","5GI7FHGP1AM1ZPERNUIG","7PWIB9L0KY55NJ0YHO5Y","syji999","F49287","1","F15","NM688IY71027LD97962L","1",16000,19/10/29,19/10/29
"VSYO7TINBPWDYUK0M5UH","PXGOC4X0M28DDVI7SVJ1","7KLNKUSL63RZW5RU1ST5","admin","F48009","1","B7","XFAULWKAIUPJMPVZBY32","1",140,19/10/29,19/10/29
"JMFMEHAMN4ZU7L92AOQ4","5GI7FHGP1AM1ZPERNUIG","9T8BE7TKFW75C0Z542RA","admin","F48336","0","H14","69D1YD9MRM9IT71Z4MIM","1",5000,19/10/29,19/10/29
"2JGFZZZSG934U82Z5X89","PXGOC4X0M28DDVI7SVJ1","7KLNKUSL63RZW5RU1ST5","admin","F48009","1","F9","XFAULWKAIUPJMPVZBY32","1",140,19/10/29,19/10/29
"MP306P62PR2EZUKADY2A","PXGOC4X0M28DDVI7SVJ1","7KLNKUSL63RZW5RU1ST5","admin","F48009","1","B6","XFAULWKAIUPJMPVZBY32","1",140,19/10/29,19/10/29
"PV6E4O5HDXGRNCA2H4RW","PXGOC4X0M28DDVI7SVJ1","7KLNKUSL63RZW5RU1ST5","admin","F48009","1","C9","XFAULWKAIUPJMPVZBY32","1",140,19/10/29,19/10/29
"LK1AJGNBTNBB10VQE9IK","PXGOC4X0M28DDVI7SVJ1","7KLNKUSL63RZW5RU1ST5","admin","F48009","1","B14","XFAULWKAIUPJMPVZBY32","1",140,19/10/29,19/10/29
"MMUC4CGHZB6YJ4L8CUQY","PXGOC4X0M28DDVI7SVJ1","7KLNKUSL63RZW5RU1ST5","admin","F48009","1","H13","XFAULWKAIUPJMPVZBY32","1",140,19/10/29,19/10/29
"OFKTWAPPAFQQNCG45L61","5GI7FHGP1AM1ZPERNUIG","7PWIB9L0KY55NJ0YHO5Y","admin","F49287","1","D10","NM688IY71027LD97962L","1",16000,19/10/29,19/10/29
"XDDM9P5ADTHC4J0DANBF","5GI7FHGP1AM1ZPERNUIG","7PWIB9L0KY55NJ0YHO5Y","syji999","F49287","1","F14","NM688IY71027LD97962L","1",16000,19/10/29,19/10/29
