"USER_ID","PASSWD","USER_NAME","EMAIL","USER_LEVEL","POINT","CELLPHONE","BIRTH","REG_DT","TOTAL_PAY","FLAG"
"아이디","1234","이름","d4xzIa26oltV3ZmFKRgYpY3hIFmZaB8T5uQSiUABwuU=","BASIC",0,"aBTe1XB8vR3YCV0copFzEA==","생일  ",19/10/23,0,"0"
"lhj","123","이혜준","d4xzIa26oltV3ZmFKRgYpY3hIFmZaB8T5uQSiUABwuU=","BASIC",0,"aBTe1XB8vR3YCV0copFzEA==","19960904",19/10/16,0,"0"
"asd123","123456789","이준dddddd","T7h9Rhlsn88zJFh6bWiaaQ==","BASIC",0,"cLFXqpC/+2pniNsliD1G8A==","960904  ",19/10/29,0,"0"
"11363855","00000000","신정희","YwzYiH2JKSUvvX7ZttLEBZfrBw299C6mrMVPndYzzNQ=","BASIC",0,"cLFXqpC/+2pniNsliD1G8A==","20191015",19/10/23,0,"1"
"j03_126","12345678","회원이름03","PtqgYWaj2EiJQkHGJ2070KS62lLZWO5lpF7j9d6KBtk=","SILVER",0,"0bJ7D3m0Io2qtWUUncX6fQ==","19990103",19/10/23,200000,"0"
"j01_126","12345678","회원이름01","PtqgYWaj2EiJQkHGJ2070KS62lLZWO5lpF7j9d6KBtk=","BASIC",0,"cLFXqpC/+2pniNsliD1G8A==","19990101",19/10/23,190000,"0"
"j02_126","12345678","회원이름02","g35mQHMd94ov9ieQBkZTUd/vkfXOy3dtrOPvik7Agpg=","SILVER",0,"pHmYY9IF+y1fK4GaOjoNuw==","19990102",19/10/23,200000,"0"
"j04_126","12345678","회원이름04","g35mQHMd94ov9ieQBkZTUd/vkfXOy3dtrOPvik7Agpg=","GOLD",0,"pHmYY9IF+y1fK4GaOjoNuw==","19990104",19/10/23,400000,"0"
"j05_126","12345678","회원이름05","PtqgYWaj2EiJQkHGJ2070KS62lLZWO5lpF7j9d6KBtk=","GOLD",0,"hGPxYZpZXQf0paGAJkChBg==","19990105",19/10/23,500000,"0"
"dosam","1234","도삼","y51n6vD1PW6sc1iAjGCwzQ==","BASIC",0,"iDBJRgWaYmOBydeMzMPY+A==","19890711",19/10/29,0,"0"
"user02","123","회원02","email02@naver.com","BASIC",0,"010-1111-1111","20190415",19/10/28,0,"0"
"user01","123","회원01","email01@naver.com","BASIC",0,"010-1111-1111","20190415",19/10/28,0,"0"
"user03","123","회원03","email03@naver.com","BASIC",0,"010-1111-1111","20190415",19/10/28,0,"0"
"user04","123","회원04","email04@naver.com","BASIC",0,"010-1111-1111","20190415",19/10/28,0,"0"
"user05","123","회원05","email05@naver.com","BASIC",0,"010-1111-1111","20190415",19/10/28,0,"0"
"user06","123","회원06","email06@naver.com","BASIC",0,"010-1111-1111","20190415",19/10/28,0,"0"
"user07","123","회원07","email07@naver.com","BASIC",0,"010-1111-1111","20190415",19/10/28,0,"0"
"user08","123","회원08","email08@naver.com","BASIC",0,"010-1111-1111","20190415",19/10/28,0,"0"
"user09","123","회원09","email09@naver.com","BASIC",0,"010-1111-1111","20190415",19/10/28,0,"0"
"user10","123","회원10","email10@naver.com","BASIC",0,"010-1111-1111","20190415",19/10/28,0,"0"
"admin","12345678","관리자","g35mQHMd94ov9ieQBkZTUd/vkfXOy3dtrOPvik7Agpg=","admin",1,"hIjcnJpz87RKYLdjZ5Zr5Q==","190904  ",19/10/10,0,"0       "
"qwe123","123","김철수","BSrNYfTGE67wv62NtbwpAw==","BASIC",0,"BSrNYfTGE67wv62NtbwpAw==","200101  ",19/10/29,0,"0"
